heart_rate,body_temp,accelerometer_x,accelerometer_y,accelerometer_z,target
138,14.127408981554286,18865.66941790813,19780.94921276329,12935.878462759058,1
128,36.21318895941269,13002.179040403931,-1466.630295054294,-7117.38260196004,1
114,38.32058594767139,-2870.869670495056,15606.210534612117,-10660.559573300688,1
107,14.684323455372013,-751.155580277451,12604.294542806249,-11719.05122732882,0
120,18.077181037852434,4335.793617600204,-4530.002324643796,-14991.749557819841,1
138,15.965615311018693,14729.774886979078,-7414.526330659079,3372.699953193758,1
118,16.58962638482362,-13457.625196824092,954.6820645348525,-7924.3847103320095,1
122,36.12472367007476,-301.0152222591387,12909.907102733032,20608.97533384637,1
110,20.964392379648167,-12943.146452007059,19526.20803496358,5254.159967271615,1
110,20.343327921369237,3042.3307032199264,12252.425548063184,-10898.245033827614,0
123,17.82186862631338,17259.330488230713,15642.658445679692,9484.214010020518,1
135,29.23683181382776,12951.942208865705,6313.379328309111,17216.51196085984,1
139,22.379170951566465,-7569.830550904931,14910.08974115866,11571.64132867573,1
123,33.32748955529867,20111.66143515532,13023.571746126454,-13171.725141540435,1
102,17.167394251269123,8691.964727717848,-2051.534948727636,17147.714704128404,0
121,34.63369666143477,-15614.175122296087,4423.641178466682,13375.387276818696,1
101,29.11164595190417,-6549.701066646878,13775.865513618708,-10142.75569609227,0
123,14.428019001670632,-6353.607902963087,-14295.900834971613,-14083.922116885777,1
129,23.435137526108832,-13437.590667423183,13898.933447165706,4620.491286629414,1
137,36.90554421838871,19513.581168809375,-9418.139410186133,-10226.674980420856,1
101,38.68880695395455,1695.4458993091794,3043.2938334932405,14879.865246025067,1
120,24.971003669564396,17145.14010275963,13906.19126356969,-2741.617703148071,1
132,25.425109342672208,-4078.026372548751,-6608.620108202291,17777.02045525329,1
111,38.55364174817903,-11366.357893985396,-6905.1247456723395,4930.462369217214,1
121,28.612046724097016,1550.4360665299137,-1097.7172568966816,-9241.12178313228,1
124,11.98540010730315,-11783.604515570265,17101.78351037248,-10834.841907687396,1
126,38.38248388637386,1982.5736101689763,-15983.617086823308,5329.480189636895,1
127,18.44679328271456,18050.995705118083,17351.174575751596,12189.693638910423,1
115,28.328958622746416,3268.42124786587,-10309.140088260512,12915.708966460737,0
114,15.965399522839213,6810.489895118088,20633.195914496835,-5796.976035672593,1
102,12.016374807397849,-10204.377831969094,19329.338742423322,-8442.869920249803,1
136,20.344195133982723,-14381.781842441129,2302.9820148774816,-15380.016733781851,1
106,34.41487122638263,-11900.10539934714,2970.649169067241,9130.368594443265,0
120,19.327615178882546,6145.668300321529,1817.3255902066085,-13166.974437959057,1
108,17.602916422432912,-12484.567137284728,7511.414889402335,-431.8355346607459,0
138,17.38042353023679,-2088.2630721714777,-12643.297017307552,6262.240068676954,1
117,26.455210472204378,4353.401796951774,-14793.135911362038,18673.030962028046,1
103,40.26623947048269,-1619.8464506956607,-13864.991648611742,-4463.3209326365595,1
124,24.769669640510394,-9943.699345783845,441.5179219360325,-6758.429989478767,1
113,27.719161066701435,-5869.7216219780585,-5804.726248879115,8203.92570858564,0
108,36.81896053672202,18347.74871539735,7015.46380772677,6911.844185982522,1
125,27.052091568009757,9011.34419669515,20720.36470686682,-3711.93801759939,1
101,16.533886142565684,2353.7700311558037,-1706.0425961707606,18339.767913862102,1
119,19.98787735299431,-15529.54907048494,5232.126401866994,15259.90611711641,1
127,20.298107788058328,20719.369818110397,-622.6558514285862,-7712.645802991998,1
106,22.919543463727937,8843.8325911018,15349.051705708796,-7151.725818922643,0
107,23.80366716010248,-4273.868338237036,17382.74692810281,2955.1128348219827,0
134,34.99346066222808,16532.940419920014,16462.15765159462,12622.16776403665,1
113,21.48160997147999,-6438.030049202731,20051.772831132534,-14370.505962626818,1
116,25.04695485324138,4128.613429761808,-14981.790149804634,9653.400688184145,0
135,29.74927961153157,7534.618258003527,15073.197999384647,7984.728203137587,1
139,22.33177842320508,-7820.655256212047,11815.57040244645,-7435.2364512194345,1
103,36.09694439876999,20200.69931562205,-7538.3068521865025,9210.061489929903,1
101,28.62360812702223,11683.10052122291,19383.843455338516,18786.778076327057,1
105,19.821340376629145,4639.089343909589,-10517.416655492018,-14268.923736044564,0
103,32.42177599369485,-9317.999867513867,9143.347303954612,-4172.873954193687,0
128,26.829431904343576,-14007.246341073034,-7679.061977811238,212.53851665514412,1
117,27.033676737717407,-4157.786196723611,-38.91599535923706,17272.633280213515,1
125,25.43263845162758,11867.931428795902,10608.916186949053,19603.673524538797,1
133,25.91035846463747,-6034.741962825072,4843.0117552227275,432.26412036429247,1
109,33.96068843198722,3963.5801583336906,-182.4322408598673,11751.051249261072,0
135,14.089444379939465,10934.045539037495,-3925.4780555164725,3671.45787928587,1
113,21.030884339314465,-12006.08255808082,15067.407261225242,3897.968585430932,0
130,13.265100914116676,9356.026596287316,-10678.869038351892,-5710.3179425448125,1
114,33.59738662242353,-12600.777154728346,-86.19356839739703,-7972.618903036458,0
107,19.169055641608985,19709.800458698875,17439.03015568026,-5343.802200810478,1
113,37.92291229456653,2070.582812402765,15296.433367018803,4584.136268511935,0
122,26.797353999778814,-10424.984014734537,-1165.1547884972715,-14921.258117182708,1
139,35.022493144583635,-3331.8054667587803,12235.009453248407,17568.21094118701,1
120,40.36794306847884,-703.5913760753265,14456.950736227791,-10217.50274665828,1
115,36.193665783697114,12052.845409831883,16888.834688134302,-7856.718955758697,0
117,37.009812800345706,11506.680084834545,4146.713454821434,3176.218528562913,1
123,23.23953486094534,6641.798697481248,-8434.947215975662,10274.246354479335,1
125,27.55167785778019,-12080.56363533576,-6553.564169354529,-12458.0249744573,1
124,18.61665692129913,-10391.933251256078,-5059.2970604606435,-4245.296190755,1
128,16.883392990803586,-12530.993936114404,5970.691789955774,19840.960406251215,1
114,26.165236373181013,5355.392981639354,-14786.043907241488,-6293.310229105009,0
100,28.851469391012618,16454.122335921948,7533.571344858825,-4417.144632663565,0
124,21.17813737688573,50.61895342655589,-2518.8931781554165,14950.44415286724,1
106,28.08330553290501,-10048.617563563392,-5076.0533078832395,-14142.066027453155,0
108,37.623814475405084,4647.566030511778,16541.373116940675,1190.6872459319202,0
123,27.701647543500982,14034.832024031264,1020.0886364895596,-1954.179715288201,1
100,32.6243928893152,11443.346275978409,-12483.037315290367,-4286.289883379908,0
107,35.159449020737156,16613.678847975792,14589.63041697114,-5429.115020343712,0
123,40.661863458663284,-5717.62240179189,-14237.273474849255,-12619.158120164859,1
110,29.095922065309388,-8823.70691109233,10889.721294223276,-4351.444313988994,0
116,35.20550446887758,16553.209979851734,12634.53020551461,-14407.061099520262,0
107,39.879479556646245,8329.731572786855,-2953.7035806322474,12895.662954844105,1
134,39.3322917673182,-4495.629589720496,14517.150682278108,-1265.5716235535692,1
134,15.232455463331407,11466.877871182842,3079.3980166887777,424.4417958367303,1
132,23.19176924820566,14159.380225773613,1141.8651710934828,17062.999698654865,1
104,20.719701833203988,6754.194892621897,-14320.078585658375,8348.034402865167,0
138,13.60775044851048,9451.712065556858,-5268.919834990482,-15701.813176341568,1
127,29.997223247328815,-2115.383535621346,18447.36892275609,18897.468449567546,1
106,33.07713839588007,3931.7396916924445,-1502.5133585104995,-7225.654758824685,0
108,36.443842864006506,3393.8893168680042,4227.919260600429,-12018.275163885222,0
107,14.683306689881256,15377.768271838559,3684.802122417317,12420.742600092643,0
111,37.29332227625881,15078.667270440754,5845.950323439654,2517.660687068572,0
133,30.287766908427596,14809.177365840598,-13730.754641198542,49.5109426666495,1
132,32.118384054155285,-15591.830272288766,-2599.478572447053,-6768.386051738555,1
122,38.31872010620911,11733.182925348865,10755.746133654506,4256.445124905789,1
123,29.742838131297532,12071.026434107178,-8579.270710299632,-5847.769607504264,1
136,21.07597571449505,9100.016445640249,-8467.600030784664,17358.571195621502,1
134,35.75321994267979,11981.792341983746,-15626.647552506085,-8037.434249871867,1
139,21.891776365852714,15152.903745378222,186.8312845037599,16721.14056686288,1
121,12.026843324615873,1401.805001766068,16661.172084916616,4698.000751912208,1
126,35.91963519695749,2575.8578990725437,-14079.665087269566,14654.060954123917,1
134,21.355764346438267,-11385.579894278551,-8928.607748647903,10375.301846855335,1
100,34.215035696040204,-1741.0923272476139,-4526.872081318063,9777.719123159695,0
134,21.882736839978364,7804.51165673602,11073.815252875876,-3999.205115282939,1
136,36.83204059924165,12874.791717449156,7703.516933695701,-7345.813535528472,1
113,17.585315752428762,-7963.26338542521,-610.0755304713639,-8197.209575810839,0
102,40.2364179559661,-10900.552731108291,12085.550752559902,15716.091311204782,1
100,34.39276324364093,8532.554166518214,6556.34743130537,14355.792349583742,0
104,14.427137777611904,-15930.444309578306,17153.50958731711,301.22053645537017,0
125,27.973298598996813,-9400.214380628797,14266.989718131641,-11101.02930063118,1
113,40.561019367252044,-14924.358927273712,-6645.89657469958,-1856.6666768340401,1
138,25.131963580814432,-9825.250639369777,-5956.772627534592,6915.707803065721,1
126,16.463214164647496,-9291.186642756307,-11361.810395681732,812.916715758256,1
108,25.543351014510385,-1656.0769942354145,-3532.30514845411,12867.002933870815,0
114,26.37372967645765,-1113.8963865974292,20983.124992606492,20912.04442330126,1
114,33.25060832685997,16347.711412578796,-987.2067612427436,-8928.112727390817,0
125,31.965375594827133,2874.0593624565336,-7841.927916503063,1007.0803274041791,1
112,23.076501307909417,10765.976327654593,12211.86672559546,-53.595628929584564,0
131,17.540693224822594,-12146.917756949364,4071.4271281182737,-4733.77628828882,1
138,30.351625033079884,-7658.766047843328,-10464.746367502757,-8670.465881349286,1
131,23.651118036598454,10008.90731621104,-1914.4817970479671,-13569.391689882608,1
103,14.968286333759911,-14046.253462664461,-664.6205250442981,16823.414737276842,0
129,38.01716903709157,2004.113503018867,11891.698921061088,-465.5981856062481,1
136,31.73665572828963,6176.651729528552,-15235.159350999535,2385.134184501807,1
122,31.495515693364442,6279.3888299417995,-6046.273068462513,17926.855783433886,1
138,35.67751627735022,-15151.485983082444,3151.063148674315,12722.747668090069,1
114,26.88985035965243,-4082.003843520137,-6052.670529244797,-11171.453227664184,0
128,35.451632852073715,7550.154088818701,7252.05975450296,4920.538801486469,1
135,25.94272260533017,-10487.009762477992,1829.0967331608153,363.3342312236873,1
112,13.015261997471303,9730.37898813797,-2616.720570195517,13496.809685414224,0
131,23.157442640830663,11599.232726105958,19120.71919420895,10796.604261642122,1
106,25.92394681939672,20332.860046507376,7389.901469898923,9545.011710709663,1
121,32.606077448968875,-8235.846190312852,-11192.169226086175,-3399.8410872438144,1
127,14.19736190386023,14529.834703646262,4723.392805405634,13783.658024772416,1
101,15.20055615981347,3250.973345990198,12887.078568433335,-14061.522062990134,0
105,18.910514079038492,-2181.883942665583,10214.118807233503,-10093.878647009813,0
127,18.99495180112647,-11472.059978968417,-9632.698516075403,-3581.9388998172653,1
127,32.96553735377187,11213.707440038892,19979.539964483825,-13158.124680436593,1
119,18.521919816847934,-7273.268831683577,606.1048926244221,-7305.21173121641,1
129,29.992941900723427,-2257.385930697308,-10116.074861610332,14715.58637092297,1
110,25.82821550414814,-13685.937604797367,-9332.757097258527,19085.306898232935,1
127,28.19883134538202,13650.575885322203,-12365.305289004022,-4729.712836354953,1
124,36.14320889534888,12363.775386950805,13730.17001209257,-6212.915252412986,1
138,23.13144504647073,11143.78571156556,-11484.8717100916,-5643.971866882204,1
132,34.12734131192811,-4920.590111800193,-11370.365485755363,-5724.393768018779,1
100,23.66108178652062,-9581.237252159583,15467.449746150993,-14670.583259119,0
126,21.616141296837483,7589.470785398502,-3249.6488754402944,18295.904814251,1
112,39.75881531939662,2358.1562121891184,-14858.25754060132,-8093.168761897849,1
102,16.531127620368895,-9404.65872452826,-14079.873917818797,-459.849258988017,0
138,13.710108817328237,9378.717028844956,-10739.693471955863,-15641.585338584193,1
105,34.12957776606436,20671.677977388237,-8104.446124899487,15744.338363857114,1
107,13.047491160622748,11647.124746455393,8610.409186820998,11052.821744831937,0
126,36.112369721090886,11379.496307367637,-10178.927639932355,19029.973301427017,1
108,24.115801890717307,19161.57185843189,-11601.647526448336,12919.772730266766,1
136,38.46541031875742,-8491.354399728618,12294.60823462233,-4392.859054073586,1
132,32.645985833657164,4925.348702093295,8829.045502816833,-6828.685727048325,1
123,29.31214001023873,20246.928456253685,106.99619384373909,9815.50337947184,1
114,39.47920391173297,-9884.117894103541,4324.461544763846,-2527.8273246115205,1
131,22.899481191561627,9909.322499447277,-4456.591247922517,4949.955582846815,1
131,39.62260809618899,5674.975400960371,1852.515548708343,-15768.4735720206,1
123,15.050038322636208,5699.726410982159,2746.8880123615927,-13710.229037822415,1
111,25.512648257972383,9813.81321824278,-1672.2209664104503,3808.6138237210944,0
138,19.097336671765845,18395.826146400315,17543.171794870024,4944.650918582109,1
101,27.195283367245803,12955.531774499505,-15405.710995702773,11803.758944995716,0
102,15.860416336747537,-13922.96417360023,12940.33673437611,-11117.283173913416,0
136,36.2458898093013,15550.936735401316,-11397.835244071,2987.774099000817,1
116,36.39223547943672,-7654.970792747894,13509.25233987638,-8805.437156027521,0
101,39.65708938170437,-2054.175904754238,6788.740880038684,-12551.743576180295,1
101,15.640164226497086,1084.1141036581394,15201.289364646887,-811.65561975948,0
127,29.699976527149722,1793.5220278635788,-12391.969951286794,-9956.544020704881,1
122,25.22711926101109,101.67477244820111,4682.283461691641,-7794.0668068842115,1
136,21.331511961326996,18682.07188598698,2540.251569701293,-4250.480544828435,1
131,21.546204834026565,10122.70328356891,10129.14776964427,-6402.629172501738,1
132,23.38380651820257,7353.313900398134,3768.750420066004,-12759.121995979984,1
100,32.14776649066859,-14155.844972031162,4007.178983924856,-12673.098940191016,0
118,28.94858174804464,17444.793219633866,-104.95008768560729,-8849.771636335778,1
101,24.790445382833934,17647.43710431066,-4573.126311728389,-14129.310045497059,0
125,13.278002311088663,12867.883346913786,1843.78136633111,7178.909728046303,1
131,13.332960322368713,-15739.91945889609,-11615.782725569177,-5368.911489170627,1
105,11.070181718773348,-13880.630710127936,19575.993542374134,-5649.399192544373,1
131,40.030981646212595,-7666.723016065878,10433.198254184135,-3716.0631132026883,1
103,11.157614556751547,-11140.071898638453,19241.283317450332,8523.462145759702,1
110,14.092812380412347,-1243.0669009620105,-7611.086853791359,16213.45361488915,0
116,20.437896704282327,18137.05314924822,16535.617746531538,12086.216504558623,1
137,35.22290755450284,1466.2360652889365,13925.229428850922,10918.581518328512,1
123,39.86296357292353,-15504.102822009872,9054.639260933924,1922.4738672314234,1
104,34.70040676375568,-5538.409485585806,7126.079885152612,9670.805607794235,0
133,31.716806973369216,-14349.988390200422,-4287.66238508881,4452.207617242577,1
105,26.63902002240708,-14657.35796330042,14207.199043706136,-7998.730457098431,0
121,13.601156355865509,-5798.365435464566,2556.072074750151,-8282.230393581123,1
110,39.745123790117916,-5802.34346887902,-13377.011692022441,-5033.495745614513,1
115,33.75177241837044,13123.684296259351,-4424.063048360191,17699.69882588309,0
132,30.168481560027853,20068.88215290114,18605.992646177125,4254.349094049856,1
108,33.77107536616549,-2265.337526070063,15475.169642379311,11154.49894906917,0
105,32.72309987819416,-131.1854821415709,20330.510828831946,-3177.3258867877394,1
115,30.116947393684605,15257.209142582793,7235.755156351628,-914.5164853866663,0
128,40.41730400539964,-6078.856256466004,-6842.127293804757,-11354.0735904217,1
102,38.10091437908075,-10213.873237072425,-9975.84316195604,-9662.086560598196,1
119,30.3999475735149,15564.316065935069,-9084.165697486918,14612.192528567386,1
135,31.79525634370774,-14279.478301717576,-15267.560641151587,5639.029372488636,1
118,12.5478741997613,6928.879287378382,-1544.76189352025,-3511.2987622987002,1
125,31.097523936501176,4793.735356271849,-8917.175821516928,13705.4947328352,1
102,12.324963131303004,-3200.943442437312,-768.7479631020105,-6878.763491394629,0
118,28.64791270909793,-4337.987719397717,18594.793978034322,20113.209848207538,1
119,40.980604986975045,12558.735868719989,-70.01224823397206,-3241.748513391718,1
131,27.67419744311539,-12802.28940178578,16485.42638843889,-3519.4946964045794,1
106,25.196303542440003,-7238.98055547874,6403.676364787429,-4459.259495141907,0
132,20.385645695167625,11100.60307800932,-6856.132477528499,-11481.873910801347,1
139,14.615677363593933,4287.861597877698,-2833.373907409179,-11887.92554871554,1
138,32.93071014374845,-11264.436284257303,-12894.977174607111,7979.886277762565,1
117,16.777970833568915,16639.017728436225,-3661.884036947611,16379.367648647738,1
139,14.458460637418531,-1442.4296771471127,9069.014983630761,13249.258880051919,1
100,23.652879791915375,14631.129886920397,-13331.889561610898,-10779.01902121001,0
110,34.86025513877292,13145.381574525221,-8400.147886312914,4186.538506306457,0
127,33.35193644360661,7103.741519453939,-1886.6814677074763,-12093.11279886432,1
124,12.646478439394247,2295.801857918439,20335.832869590617,-14324.098186316134,1
122,24.654310551084684,20243.381094125005,13039.887449478567,8286.276797236387,1
130,26.67303728213507,-10636.29232194677,11139.009620207842,3800.6363461729597,1
129,30.336399518774666,10830.761919391247,-11700.934608558498,-12965.123647175578,1
134,30.505020513296845,-8925.944045802808,12896.848063754682,-14707.247882978427,1
106,21.940917483719176,-3484.2651027031097,13054.946026092559,20620.98729614538,1
115,27.82031582010542,-4578.146495191775,6240.799738100148,-14889.21071048434,0
125,25.431856515322593,19040.331546332753,20643.38593393976,447.545362855908,1
101,37.54995069569843,19792.178578166182,-3965.605480791579,2670.903910484736,1
100,26.907953979047004,-9228.428563315096,18827.08058494851,-11660.634531383534,1
111,24.23096485244485,-15184.699068992346,17845.051253390637,-9744.714197730498,0
104,23.13456349045552,10640.297467535183,-15575.21558927302,-2983.214762816957,0
136,28.17283278300397,-534.3724467920802,654.3114795680085,12182.007419905516,1
131,35.11930938202693,-12712.910931760118,20152.856622908213,2762.049690229869,1
108,27.152044711423628,9298.901906350573,-12184.509590901196,7602.3693584595785,0
134,30.849655252416245,4168.904545645888,4268.03369218282,20451.458538354964,1
118,33.13567300719575,20279.122414040925,20221.427760520848,12416.201106588756,1
115,26.605043296361956,-7585.84865312898,4553.330691916828,71.37543122505485,0
102,23.80451169964593,-1052.818575917714,-8976.833790030229,518.3511064723025,0
119,37.29996133587348,4074.1947256306485,5540.779513425823,6894.566850517185,1
123,23.525182520836765,13292.899572774011,-8435.698763866767,8618.512711499461,1
132,24.85828551726763,4307.030298642174,3229.0577270959184,2526.3042559568385,1
123,40.710239400253315,6677.305951892122,-13260.437937243125,7859.865244154258,1
110,11.007125707276538,-7632.559091172192,6402.85876093297,-15129.297706678346,0
107,16.564187287301674,15335.992939276715,3121.227747741854,-103.95403581676692,0
135,22.51891669759177,-140.66976209239692,11385.970644174136,-5679.2911852813595,1
137,38.97769728275759,-10784.493781694537,7335.917432875045,-11220.545526004917,1
139,13.10089117242413,8574.952836700442,4335.4319356379965,-12316.77902607532,1
119,11.284563008854942,-8004.6532321436225,9521.817422180484,6318.110127742697,1
134,12.580515079316857,-12390.18712114591,-10674.149197827459,3373.2202446466326,1
124,13.656302318408544,15893.515610958075,6028.307466568349,-6617.38767113434,1
134,12.127903196187827,1026.003786072266,-9631.907695557225,1425.152174583036,1
124,25.393439805695145,11723.497369743727,18244.321690519595,2212.5956617491065,1
128,28.422716216819833,-5248.260287164861,-13471.638120712645,-8784.667723771214,1
117,19.150609132070123,13117.894991953654,-76.13426144064942,8127.443289621071,1
117,22.948621519269068,-11858.370700203377,9744.50667325146,12894.016186285346,1
101,13.750980053342904,-2828.985169590449,946.8218317255742,13284.151012912203,0
134,21.091113914852663,20188.287265020554,-12592.475630382613,6291.383736027838,1
115,26.675575749035694,13377.619505616225,4475.023596688174,2930.6275532035215,0
135,32.96815421553936,2398.469421643462,7740.380626612117,-13742.735708800388,1
132,11.100390861289377,-3428.233552210251,10040.315506648782,-5350.241942490584,1
103,25.019322996129578,16269.02090083163,-2189.3868648779207,-12548.956469207715,0
132,19.910086293646465,4159.36708612708,4855.418928064202,19661.456952503526,1
113,36.584654650757045,12061.72566115711,675.3995727397851,-11002.034589646853,0
120,32.46659945702726,11901.98417169807,8866.073433833375,-10384.309835509224,1
119,28.673256034126844,-15336.009892965802,5591.607791018287,16914.334878228212,1
107,19.317969370903207,-11328.6100366733,3452.9801236879903,18925.346488628944,1
106,38.31017306172603,8406.286556605464,-6767.598426984801,12335.674451691666,1
102,12.353020316609696,-10020.066982422757,-15925.314843315346,-15800.017824111215,0
116,14.284027960373454,-6546.746247742627,-9558.978013477117,-15950.187974607143,0
132,22.748904216210683,19025.604305385466,-11668.55646730576,-2010.2715178643211,1
111,14.733126718905691,4726.743559871738,616.1355654050312,-10694.371309596976,0
121,39.69247092678275,11776.991758975844,6653.551578188253,-15319.7127403909,1
121,34.9396796643015,4645.287334957677,-8115.854678662097,1170.467507966674,1
129,18.76947954805441,4443.003746960832,18745.112550785925,18893.29020405795,1
137,28.65662686919736,-12516.379325349179,-15752.761218716152,-4018.6757286100383,1
137,40.46991545240245,-3284.4618734631877,12575.137561117688,8462.205101861771,1
107,37.52596934394509,-5550.056748599067,7132.576472626362,8132.708065900308,0
126,29.02395339326594,-1543.0504722963105,-2178.47236123577,-6710.036164388794,1
126,38.11171901525812,13538.734964300147,-14131.909056740908,8065.734206482979,1
133,40.67554729440077,-2238.491287076,7217.003156018338,-8143.6429513850235,1
120,33.300584686808726,712.7823115722604,-1732.3000239710218,-11485.725697655105,1
129,12.94959228448682,-1296.8885520432887,18641.88415828911,9951.181565708532,1
132,23.047407092764622,-12543.905036914062,4053.63277092134,-11802.68976715508,1
127,36.13477205849736,319.6698552789985,18767.1059178598,20885.64108780615,1
132,17.91707587415057,-8762.456897352944,-7842.103341487748,-9212.261157441515,1
104,35.91927553251874,-9091.238056397466,10851.858683471823,5983.2489219889285,0
118,14.61016286104988,-12520.664135932144,6838.21377140285,-779.1408577341936,1
103,12.40836071443439,-2803.1739567547047,11358.104503758539,-11323.702370990317,0
134,22.522718344737488,12026.829737208442,-8057.289033016139,-14969.775419635704,1
116,12.10195812279841,-5771.657448414346,8604.797100797627,7041.094444834831,0
127,39.71810788949977,-4443.083230235998,2427.4945431041524,13850.029860197665,1
129,35.786170873818975,7778.962333879674,11484.524071533702,15154.579475749528,1
128,35.02309061389625,-8753.889934284001,-3899.3481663827424,1860.3985038465762,1
105,29.893337689884593,17187.44342567077,16932.109942214345,12765.852285748268,0
134,17.489720691096608,3247.0493603075156,-12880.851359380036,8895.343939076156,1
136,26.547811000291766,561.3087918480269,13866.004795273959,10797.41751746793,1
123,28.91822217291023,4639.347101380452,15868.82615515836,2226.1631932071214,1
128,26.750945025808043,-9856.730403600768,14238.335520572386,7436.234388958703,1
130,18.80700103854582,6698.506129649522,2970.876587685714,13804.458802314108,1
134,26.45743772944178,-2565.272744541613,220.24426113816844,-1278.2855043901473,1
132,25.735590226058797,17195.8946156909,20861.70460142044,13821.219332100598,1
120,40.890073274201725,-9752.394352925614,-7520.637805076001,5904.623183195326,1
131,37.923084441386116,2760.8908430213196,4234.410737413651,-9861.662098280909,1
122,24.901422446468597,6130.167286653665,8814.994439146045,-15086.68618269037,1
132,29.68812148805356,-14764.806733903895,9932.102526872983,-2578.116785231374,1
102,33.43614812276685,-2543.3543840228103,-8451.08736767259,4227.764146964575,0
117,12.045954807014747,11107.503683930812,8197.781416572645,15073.35303152907,1
124,37.8476432368352,14353.96777561201,14279.67395980948,-11283.029834810892,1
130,36.80380449253771,-4413.006191760553,-14149.312657618848,13607.634864292428,1
102,24.72296293321122,13547.951078161797,17726.28785303671,15931.334704487395,0
139,22.735092982411395,19806.96745282539,-14908.34995962738,-10424.562980969149,1
123,19.188781245689448,15704.335634778483,-2829.0717979294095,15508.989814256103,1
131,25.30030484991105,-11647.172438104968,-15414.911739380403,20683.782010183306,1
121,12.331299905997103,11370.022287165004,-13145.628764035471,10893.03674878479,1
122,36.565806000410234,-4172.327199699845,17713.226551662927,13036.478227524556,1
101,12.062671052556352,20571.391608246835,-2870.1492623925296,20793.364899678316,1
126,20.87154096109613,1958.282376915824,-283.45337427304366,6402.806269459979,1
101,38.947684649569695,-11469.945760719182,-8032.257888845553,-4608.203865398773,1
125,33.05637963570358,10831.865277013458,6092.543496908631,14988.64086081406,1
116,19.441728817325803,-4048.5856597100883,6007.718943078216,6735.973767930354,0
139,18.579472818826552,20891.89181202148,-2228.585502466887,5504.230677675394,1
132,11.152464194540778,20251.95094061731,-3677.709743200261,-6615.4844459805845,1
108,31.871428785492505,8276.958666761486,16743.679402681748,11984.367974566805,0
138,12.463507450195193,-11196.42138878645,-1818.4831332385493,-12978.310793176439,1
128,26.97807558202286,9413.856913976077,2259.5367097131057,18198.621619402467,1
125,39.86365917776149,-12557.872000978994,-5517.723790277567,-3944.5319514920648,1
134,14.284065801633616,-14913.526113211485,13110.471624213711,-11272.337846770353,1
124,37.83439792904203,14449.462510194986,-1294.4181947336092,367.5617247894952,1
123,40.74426005435144,-8239.14093570379,3003.6087221400085,-14428.613357508273,1
112,12.845510787177052,-1975.9963298933963,-6625.784707792527,9331.169187803753,0
106,37.487188074123836,20017.923429118404,20543.404916626314,17400.10388647818,1
135,26.482370613308497,-3536.90143113918,-5214.657585822253,14978.731264124825,1
119,38.1954115833374,-5029.878092517336,12517.473643505411,-11287.3294824284,1
100,28.13956825758722,17973.69598604268,-182.6609367999099,-11327.96792701392,0
107,30.863360303196938,-11902.30752319855,-8369.956011886825,14097.07584599777,0
115,27.313367239921977,12104.549174241376,13589.594266699864,18197.408160315288,1
113,36.93478640922045,20558.425966152638,-3656.548805925402,1044.7837038390971,1
111,33.017297568611056,17347.952398662004,16012.15385371901,2461.931325809339,0
122,26.637809365412448,8111.71299213776,17864.51584195945,-4224.304468728142,1
114,37.04482412154641,-4379.750585268917,15813.48190947721,17087.80937548732,0
127,18.358565967660038,-6590.086696402281,-14704.70715214819,7861.40749581717,1
133,15.72021979107578,14312.438880244063,13132.813765188908,-5334.691644807366,1
101,15.812003159902163,16553.410816212727,-780.4397395316773,-4945.03377099269,0
131,21.020266362357134,3441.0917641906344,16327.748046742327,16974.40270335329,1
122,18.160700939030527,-6959.422190900752,7604.307719335335,-15495.541115484606,1
121,38.902710515292156,-11821.101288786578,14844.795963326462,-4059.116809114379,1
124,14.17502281485752,-12774.359690222247,2478.9754850729078,4511.197205005654,1
121,31.96972214118763,10605.865552092659,3795.9436701605155,-10515.953902324989,1
121,16.676646193550177,-455.6070696341758,-10657.657611054314,-12592.346094615177,1
105,37.44911398311051,17498.315348281205,13007.532271506152,14165.224250350719,0
114,39.839458645547225,11367.838126890256,-482.58436832205007,17092.962379994766,1
136,24.964100263099507,-8923.364537160292,2502.964376048556,14473.437569533009,1
132,37.37214440684395,6709.7644961808655,13048.61542154118,17255.151920281867,1
107,11.154355122641443,113.70181273189519,6157.279802939243,4465.142929159745,0
104,35.59840752224301,5358.240038438686,-8559.347084621306,14053.55047664265,0
138,17.858754845747704,11308.557563525133,5838.60838858303,-1790.4223795292837,1
103,38.261039278081036,13829.24759714026,-917.5842547527373,8651.910874724425,1
105,11.033603344403284,15218.2810770488,1372.4450556229167,20586.91466139909,1
131,27.68545205119271,-6602.929640835086,-14952.482847101292,-7648.074217952286,1
129,33.699074113548036,-14848.722803057766,-8228.914067897582,-1573.7093872300175,1
134,18.76064992093724,11353.905201096608,-5601.590988901955,1761.752960473168,1
139,16.793985937618793,-12065.282128536339,10379.520290775814,-10893.426980258086,1
115,13.52294673403954,-4347.975221320197,-15574.778487969734,-13001.571412792899,0
112,20.79300729509879,-15858.766037399155,-875.2413345221139,14699.746053900104,0
129,27.795329369264884,9221.770848859942,18188.99420575212,20141.391794620686,1
118,14.47531570340773,-9816.115575564814,-11860.417187682418,-1025.172638302629,1
116,22.300860859603965,8245.449158591353,3107.7023640886073,-12756.95606079783,0
118,11.272172139581748,20694.476835210036,13101.32814846134,-13564.96485444867,1
127,35.56038261499525,-13311.177750429397,18873.65837824432,16978.773635331054,1
125,14.853461542795742,-13148.113557795954,11630.735662747564,1161.127239924157,1
136,19.50028844796745,-3405.936571333028,10660.925299843027,-4158.9892871915,1
125,11.552831562146524,16056.301027299654,14580.059337243209,1629.0670358577809,1
122,23.96722351677537,-8025.394854720722,509.44517616911617,-4222.748496383148,1
108,36.20364508223656,-2666.0206625771407,13816.247706859824,2094.32368638194,0
111,22.7645363433559,-13465.299954801756,-15705.317024418307,15803.586685963663,0
100,16.384919702715003,12236.745776578908,18208.759048941778,5915.15072929754,1
100,33.610965021515575,-892.6653179003097,402.3408521354868,9702.189593976487,0
133,34.66420945612233,12092.203123251184,4475.0669510326625,-2507.184979329546,1
131,16.212604259227003,17433.490240831416,-6569.356790149355,11324.717504889195,1
124,34.125623256229694,-7387.763557252316,11473.640815095594,8664.832140536775,1
139,39.41893664769014,13873.653122578198,-13164.475160415794,-11576.20608317391,1
100,15.99132760796817,-13813.526067104629,16287.524694232903,5187.78556527663,0
115,34.12952877596406,17257.35336266915,14640.322673234681,-6500.490636538954,0
138,32.25716013807888,8078.436259673654,-8005.775698943643,13751.539776442933,1
104,25.207216653052654,16346.388793119007,13945.002736554707,-240.30478672323989,0
121,12.737613816763949,-15993.02921640647,13095.236123274815,20803.314112270025,1
128,13.24083253273562,-9744.000396828276,7392.014116896113,-12577.48379625834,1
102,36.57243977595943,-1578.9026652197936,-2179.753454711561,12872.870921385867,0
111,40.704451182519406,-1958.3925751354127,-5954.546095270889,8926.96414105979,1
125,31.281567715602634,-7610.975831830105,-7424.007159294049,12397.456731856102,1
115,24.378749210309643,-1880.3582249135961,-4211.468377746534,-4621.397566853115,0
136,30.42720930205723,-11232.597655990572,17431.66240700362,2206.016107148822,1
121,28.83187577685636,-727.8382171570374,-13127.291288415094,13470.81522977721,1
128,22.508367812168654,13687.110178892774,14668.237221359468,-7395.970730028364,1
113,12.968784337220388,1725.5923348239958,-3091.067223452528,-7636.771718819873,0
127,35.64538842222323,-15333.996709027046,3299.177652420254,4388.885271912499,1
104,22.155005877161738,-406.570461567846,13395.968444994156,3371.8524426046642,0
129,35.563569300712814,-14994.524404638765,16721.93223984994,-5556.288594721485,1
104,18.57526249065147,19751.00619615153,-3243.08745731206,-4971.200930581557,1
111,11.030884395369002,-11284.203501353848,1088.2088071790822,-5719.728961357077,0
115,15.768148498302695,10184.468074232893,-662.9056017786861,12545.946293944042,0
125,25.05618250305753,19992.723947007173,-15509.71176035531,8120.332025811043,1
125,39.32910904873489,14563.444911663159,-5050.113112229705,14799.43578617935,1
120,14.065808590811569,9874.668879669534,990.001648104786,20092.502047618807,1
138,36.62629323384698,15060.053651528375,-789.5364714237276,1544.0789620634969,1
135,26.81072288635586,20326.551650643225,10711.381418080138,-13532.326387998393,1
132,35.7776229739969,6989.746398380594,-1762.26616281918,-14220.58451475469,1
129,19.951232929699778,4689.837852685079,2106.9286119147982,-5060.393546950092,1
136,36.19841494017416,7244.81008714141,-104.4820911025563,18504.14980604068,1
122,34.184683400504134,3709.0078101775325,11403.167509091709,3358.8830339223714,1
109,17.901610490943018,7498.296918659595,15929.978762517614,-5943.898905035221,0
104,14.940053792281342,644.1616949846939,3679.8959232780217,-1230.8286030922773,0
135,37.041629675968785,-7917.602233317637,13208.991185222072,6148.018973972819,1
133,39.897099603203955,-11550.852619068002,-5018.8927652655275,8159.137351100162,1
130,11.939069412425487,-13471.385385306367,4030.675575818943,-10304.978138032515,1
109,32.93810200921057,-6257.316001131598,-3226.491714211019,20150.17203217151,1
118,38.285735328434555,-14293.428119577848,-674.5657538422784,4156.572398363187,1
131,36.72080276277496,4985.318857017268,11099.312998068737,-10979.532241685665,1
100,39.935614168106255,-5498.347460129749,16621.51184631037,17064.504373806943,1
104,33.802822353142915,14507.787899220191,-11504.670529752679,-13238.378050061134,0
103,24.268962871427306,-13253.087699429701,7481.6524900330805,17586.211027567973,0
115,20.358559714853914,-7624.994709365021,5539.320880378546,20872.92928269235,1
123,20.622282213143823,11019.107442335397,-11618.64355049052,9915.976568790644,1
115,32.73268017842351,6155.9069661891845,-8159.909773715964,12506.547179737623,0
101,33.37511036092893,-13613.822963780802,-4492.90769489083,-3519.7950507030037,0
127,17.01077430646138,16457.859915001416,-9823.550379752445,18838.34355115555,1
131,37.04368440471593,16458.685224568642,-6982.009146599354,3599.4167460096032,1
126,32.44772120606743,-3774.9038565963674,-6098.770442116822,11098.37252410953,1
119,27.88250859030148,-3404.983796066106,-3580.0681775547946,18191.985488717342,1
123,25.145973803075382,20594.04925895643,11727.446753642882,20081.65911109381,1
111,27.296984173698743,7168.518348946112,5160.751542472226,14828.561194076952,0
134,15.777372148377934,3658.7112610181866,20491.126862201854,-4788.35224166489,1
132,17.111037478288225,15011.630791421205,-654.7744022035713,19762.25811242705,1
132,13.734934712185751,-5444.257480779292,11893.007731966227,7240.422656012157,1
136,15.60974114483338,-120.24404433479503,16244.33159093175,18433.771625022513,1
111,24.61080903815848,-6092.2630069316365,9122.204242407552,9015.885955131016,0
102,26.910631811847683,13198.951323783062,-761.0046045526487,-4632.158411634342,0
100,11.53585677434958,5213.925788503067,11883.001337592857,-2309.0926067158107,0
132,34.90393483592082,8376.527595182608,-8464.31590241066,4367.455752808797,1
139,19.82503920030434,-6664.631755941957,-3880.5698883351015,13230.549137715632,1
109,38.35508104879733,-7851.663849039341,4227.354438673687,-4234.645600407608,1
128,40.025337908413334,2069.861272368733,5290.147329587489,5450.053146965107,1
112,16.56376624029963,11289.932716434592,-15180.76540751271,-3211.8752376731427,0
111,24.86291872296982,3433.871028245925,18969.224983972323,14183.467971498965,1
130,11.036955054992777,-14792.109930810262,9775.20903504343,1268.9394694141665,1
101,28.94981795367281,16136.405733850683,2341.038758579969,-13161.255406443246,0
134,29.219193447880137,-13606.584939940132,18525.707673107412,-9856.056705183153,1
122,18.426198668101254,19365.505897667834,246.53591428065374,-13739.127298073605,1
116,27.752380177495937,-15069.747543740908,20276.116100003754,2474.209002530035,1
125,17.766204273312063,9694.666876836225,2954.5360180089483,-12065.519998115595,1
107,15.824764072345701,-12958.338642664079,-11771.42651007476,-11776.821135543612,0
128,30.54558400406794,17695.033439100167,12297.635980993258,18818.78562141995,1
125,20.777763918562247,1184.0297403450822,9119.2158278801,16288.237670514052,1
109,28.707918166568675,-10911.620331770431,12600.508688306709,727.2040820205402,0
125,23.99740246914967,-3389.8191077756765,19203.355062850198,20474.796871457613,1
133,40.53054222208712,-9901.487012169804,12730.104198087669,-15993.098457685464,1
106,15.487419280026973,-9688.469272387669,6619.454282015933,6717.239882115569,0
103,24.937957899074306,19080.00784634336,15720.429387351112,6807.842562759193,1
110,31.41369879077976,474.1061545371631,8910.118256117668,925.3930671858652,0
128,22.86635251639906,13185.683764498302,-899.5948974408457,-1312.9250014311638,1
135,40.240995556120694,7665.405763574228,16767.93127694561,849.1760127824818,1
124,32.65662883780805,9027.775406520515,-7789.682950978204,-646.4638650518227,1
120,30.709515726934793,-11127.342776534575,10441.727171622795,11028.221666845078,1
135,33.711778028336695,-7335.17546782703,16617.847832808005,-10991.848905988489,1
109,39.57945914116151,13109.762400714168,11058.711229021963,-8687.348838128184,1
136,38.2345595895392,19918.34963956697,9799.190504992705,-9320.825549480327,1
108,32.72855924379236,-6281.001223849886,11847.616880657934,-6288.5883505132115,0
123,33.47484917303849,-5951.955704211525,1207.0441871238436,3434.561494918584,1
134,15.377662221054363,1497.1939140034774,16344.315239809963,-11885.276348485906,1
134,14.08377213477997,20402.091575651197,-8472.850419964627,16122.26392708065,1
135,28.127135055324928,-6048.51900442057,-11286.702607987447,-4997.6233415865245,1
117,11.5510291082162,-942.0393435322367,-5436.175135615073,-9986.09446365781,1
138,25.470691446547747,16984.76057806975,3668.3636806747454,8997.988455135,1
131,17.310487397566057,-15891.921793009606,2890.7864301455083,-14590.806877825187,1
123,21.380497029345186,-14528.659295422927,14362.154034033705,6938.836900344075,1
122,34.27414207378868,6350.652051635112,-1030.9597130513557,9833.34193503049,1
131,39.23712512697159,17573.06609437534,1920.7437727858196,-8048.08833869139,1
136,13.172488164390245,-7162.303565128677,-15505.395719402362,-14447.329282585531,1
111,27.027266179293353,1376.7456631862333,-839.6482516112537,-2545.121719980365,0
112,37.476004574588,667.2161613392782,7967.646619162657,-12352.01348104835,0
122,13.475256033212638,1499.9398055338752,-15426.19176681609,-11690.319562086528,1
124,35.73542140690502,7033.2287420005705,-5607.367288108981,-6592.334436540012,1
134,21.73404052784814,1380.5192306553,-8305.614706292572,-5067.686788809906,1
129,20.66284106658006,556.3212289309413,-14446.539130345236,3608.9026177925625,1
116,40.32399158944357,1548.67155595664,1732.6233268378892,9100.499763611486,1
119,17.025772695868824,5862.095327028535,-9276.238150558209,5932.524812196836,1
124,31.795818224680428,3869.277069000258,11494.016966361065,-10510.667520287878,1
121,35.64322184029599,15603.031913068658,15373.331699243896,-9632.816799252822,1
112,12.23550485837815,-14168.616420734335,4186.651758758468,16514.462242337835,0
118,31.111563750632367,14832.731644501462,20323.17167328224,4659.035657372206,1
135,39.546499230659805,15225.21066663379,667.7071444120265,16187.699817214492,1
111,14.72659900184178,-5458.403203354448,2994.623778321875,-2252.7790811646482,0
118,37.88663908055115,1125.5223355864728,20601.056896436756,6732.800274958983,1
111,28.843299121308082,225.92407588511378,-7432.707869293194,3375.546394020599,0
108,29.49813745587422,-7915.136128897179,18874.199768045495,-4192.430876642886,1
106,29.38832524596818,-1318.5166578062908,-14415.01046059281,1386.8687652430272,0
127,19.965076590119416,-14357.652429678386,516.3149397382076,2592.1624425964874,1
113,39.056054458983795,-5720.583307075825,-13409.870051076567,-8571.473934002892,1
130,39.42051387893116,14217.24049167657,10981.685487804789,-4344.616222060931,1
118,29.759139806418435,-5471.19483477279,6511.1306275606585,13282.160768758098,1
115,34.502681778248444,14273.64674368516,10145.467748301067,17884.164859802702,0
104,29.36773957643474,3669.1801903639425,-2144.2252011833716,-2687.618538823921,0
134,25.531953427221218,16554.91906236292,-2329.1684408389283,-4642.025558266327,1
111,30.82460354897752,5266.84350778336,-14323.1866784469,-8777.704910840348,0
124,27.590043577758752,-14902.275746604626,-3052.0372374033286,9104.173240071505,1
120,28.924275878957904,8990.5476792423,18383.6708836962,-4045.3110383455205,1
135,34.51497660256586,-14340.41798312796,-1968.6181243233877,20546.732946669974,1
122,25.427114943469547,672.0897023759571,14760.60513021289,-3949.662323633731,1
115,12.222623182774182,18388.78769550522,15166.043675747562,-1416.9662690427594,1
138,15.919984429684916,-9887.454244499544,-2190.0772139683486,6323.365259845286,1
138,24.15821649468615,-1574.7229411628687,7383.581174658993,13662.318848078285,1
113,32.74479679622175,11004.831427393703,-12471.250715896831,1372.1906177884448,0
130,28.798359449305362,16643.56657550936,-12163.89251283177,-361.7267498085421,1
104,30.508825576203616,8824.891175472792,-14199.666444516608,20838.599843007905,1
134,25.37836785728862,-6447.58959492674,5497.55845487905,-15611.735277822056,1
122,29.472260658267285,8960.490557899997,-235.3738278344099,17117.415687496097,1
128,20.870523134439864,-5021.077279148671,4277.197196576883,-10481.789440229715,1
110,25.105477780899953,10581.881503293203,3279.7080488103493,13079.235219729795,0
117,33.32837196784867,19299.2257206465,-3042.48932964298,6863.467714313025,1
111,37.15498336919363,10691.557690932666,9066.516348468496,-3351.6504365705932,0
108,24.00966001869167,15926.578607759257,12064.569593906457,16333.373354277679,0
109,12.309849731220837,-15922.157802492313,-15458.754421525999,-15522.432564703297,0
116,15.85017632440408,10550.168615068993,-8332.034908551503,-7612.4458732278235,0
137,11.625834178746143,14694.739604014263,10389.727119083462,4975.033461232833,1
106,30.5978905771199,-14499.326710846788,-1695.0536125481358,-2992.9363781611737,0
112,20.96943876065327,16249.115909664532,8511.906036839504,6583.967326778122,0
139,27.274359071581024,-6502.313552528303,-3162.381589821338,-15107.922843879327,1
108,25.798305403513986,8615.807773188044,-1542.059363803428,-11691.019572176636,0
126,13.4457946865728,13613.130523866046,-10128.881673481657,-11297.439111917749,1
101,23.097840833714955,8518.586983196154,-6445.452272352079,-8996.50510110765,0
104,17.6168337476697,-12585.462693289483,6400.235027780727,995.2633096200843,0
128,23.55199366002958,6063.8961978336265,27.035118661156957,11828.761883112133,1
136,17.10734841026728,4334.595298719312,12649.199268950022,17504.93700336934,1
137,36.21357218830801,17311.886918748045,15545.643332718682,14908.783620517104,1
118,16.22580009734761,-1043.1300031642604,4040.917474020116,-8715.148744299708,1
107,39.82341654460931,-4119.999407779145,12055.889806074189,322.57043253339725,1
100,23.477220984408223,11744.478284149252,-4644.53301180091,-8621.770882934205,0
121,36.38735876057148,-731.0129349143244,-646.0650301971073,-6214.542783313942,1
116,29.862944546178355,7905.558475187332,10372.774020022745,2631.238315939787,0
106,33.06050895997258,7918.653334610459,-1710.156265769865,-13479.966085229666,0
124,34.03171664200341,16857.44538132436,5774.682600882588,-7927.549805048891,1
103,26.145346456790534,6151.618885806602,-9141.207173947074,18608.99196836334,1
135,27.29901570089865,2579.683568593515,6191.538653908425,1246.3028283640924,1
105,26.419876034261748,-10861.760923328871,15876.007167395062,479.3014611812723,0
130,28.641751342702378,-11717.708552887902,16139.666673466749,-15461.01527420268,1
118,11.881833372695219,-10290.102084526063,10800.743034192968,-6846.209358841206,1
138,22.86545509547046,-9641.606190897503,11592.875025816662,16052.820131340708,1
126,29.185661406835145,7601.452428554454,4643.315470575926,-9908.748154429257,1
109,28.93170695767593,11416.306260159407,5632.719336135517,-640.3772372153198,0
125,34.788682838168945,3609.6863482774934,-11054.928487810834,-15469.756482920953,1
118,30.650280164963256,14673.65610418317,422.7899715881431,1698.4128218105652,1
138,40.76399949022017,20676.73938914443,678.7225037954595,-15222.219051129965,1
102,19.51563585825935,14340.467277416174,19464.419919706386,14325.553463434593,1
112,21.774530889986945,9710.647826010489,-49.786082938291656,14519.589397022832,0
127,22.51541455603389,3702.229879174425,4325.677861402033,13146.460967187686,1
119,24.974384210607454,607.563651964203,3730.3017733267916,-5515.529451028626,1
127,36.079941913436286,-12877.481919851933,7560.183530640104,14977.777074207268,1
107,18.073762818776295,-1223.3563093964349,11684.614759280146,4090.930906394966,0
138,34.28000621106288,17674.98156093897,-7673.450581677731,-2169.0999719209103,1
100,23.1593054925723,13896.83730654246,3562.8035066421216,7137.208509056622,0
102,29.055661509860254,-8006.099494567574,14558.955170693127,-15543.381295766161,0
112,29.976215996789183,1264.488033796988,1135.2444119879256,-10710.447528772169,0
127,22.18545911566803,14218.758494666148,-5697.0707841777985,11464.860912299722,1
124,26.378456156174153,-13506.771472935667,8224.235788183065,-6966.020477502339,1
132,23.39093523943091,-1666.4743302596053,14479.39364456755,6126.337341163737,1
137,13.073983585598583,15518.125764336062,-13663.80916168652,-1751.2036955479034,1
105,24.114961664504797,-1055.779025705422,12741.247886067402,15627.813815572674,0
131,13.921801776606564,-13128.258144936688,14400.973519585536,19239.366321875816,1
120,23.150623972409647,4073.771635693305,1076.348320778452,16691.894949697045,1
115,28.787551994953457,15884.47231197693,20382.30930228329,-5987.0601963369245,1
120,28.382446980305023,5840.565089266911,13108.208606170436,-8815.973845294957,1
110,30.87863837024961,-7627.672996073423,12625.514901139632,1554.091063967193,0
136,13.857845238638788,-1783.1340549168908,11670.027253246655,-15728.63641906133,1
135,30.563697365913136,654.5643637314897,-10427.500180923862,-15045.052464062275,1
134,20.364441700893412,5432.855091359492,-7962.4572012386,4471.753666051001,1
118,22.971378384113333,12095.98795284668,1167.6348641837249,3256.627954115582,1
119,36.739587617681174,-12341.67614729649,-6231.839051499763,20799.533594304616,1
117,11.270912123886507,16917.125221649956,-636.0840236405038,-8531.85209154095,1
113,28.652379000218165,-15544.540988405202,16873.172067148065,-6450.1546210626675,0
114,28.961419403003227,-2308.063617052556,14500.094999532961,-11798.996233927392,0
130,22.89979329030686,-14985.448531011667,7311.475503759342,17949.091357188554,1
100,18.110835713250086,-1459.953662224223,15750.454587290831,12779.016044962678,0
102,18.04022114784653,3455.0661583129804,12999.578393638221,14426.547123903358,0
115,37.51129008982258,2932.2113035159346,-127.55752188705264,17402.260154686825,0
122,24.260731213485727,-9871.751159954183,-8560.58937415203,3421.2995088560165,1
110,20.926680889675158,7892.398873537655,3025.4384803455505,694.1480836767769,0
111,24.46332721494209,-14343.197331327276,11240.468653556356,-3775.5154743721887,0
109,31.08171204378084,12190.55234489937,147.5251529949419,5800.940730870654,0
131,15.372697047342552,19025.844057761213,8670.560662004198,808.3006812234344,1
115,24.483015056412132,-3428.5533954086386,-12509.885227231385,707.9267044062799,0
107,28.636531133311607,3137.85712343028,11676.175245741928,18666.330958052138,1
137,39.457500645543014,-1980.3197118238677,14070.403936043294,20409.166028327818,1
111,18.57583346226258,-15751.715558749782,10153.000663880022,13469.922405194488,0
123,21.777522437487367,-1722.643392880711,19788.752738475523,12000.049339136349,1
127,22.380757697672713,13293.649592669819,14586.126126043695,9180.651985826753,1
107,29.166144729346485,6051.587160788826,17414.467931431915,-9855.230463659993,0
127,21.70196159120005,-12253.38315923912,18542.13008793298,-13813.084627600783,1
135,27.00535775899087,15344.161118670047,13649.875699330918,9556.873659190736,1
125,34.45370989535088,3650.157760753984,8947.577154240465,10965.09022349331,1
107,32.161567823366106,15143.764384553015,-15788.412489650796,-14261.999329368828,0
127,24.391059395377567,5468.196195046086,1235.5528692556145,18337.914758467377,1
127,36.92648533022506,4708.472459003777,5133.005049027357,-12627.79634054693,1
136,27.744207487815885,-12105.410147710541,-4750.879919424015,-5421.680250465512,1
135,27.197175185066374,-9807.689873870766,-4230.135464571535,8878.423073552065,1
126,12.025632978174745,19964.934490373867,19562.898381276114,-9714.714007034376,1
116,40.600789410714846,-7545.990370073481,16993.302012501597,-13949.612127636956,1
108,14.689124255888801,20165.728365643612,15419.623203563056,-3747.5799009264574,1
132,17.933927372829398,3680.7701413977447,-977.5633368739072,12340.948269641627,1
119,12.550905117245808,-10975.805258634326,-15493.153634870161,-693.888877545367,1
112,30.20008900510741,-12325.81849811336,-13031.77688113858,8159.998110593755,0
127,17.7410353091804,-8272.02938388762,-4448.734375948665,5445.906597441055,1
128,16.400313124181704,18248.581210937424,-15417.512219159951,-15177.916165053524,1
112,13.656667526697241,-676.441699855608,-15365.45806913767,20575.979520691144,1
134,14.09926871372047,-1368.9320842621692,17914.32216076921,-14467.160713682653,1
105,28.540121013277663,-4411.368340403562,10127.864578404999,19808.701292993945,1
117,31.646235975997865,-10558.71152903623,-4568.628367478352,4344.974599482732,1
104,22.921369653932032,2050.494296119039,-11092.150628764732,19636.88400140746,1
124,25.396912447762197,-11188.23204708787,2930.521562117854,-11754.116821688089,1
101,31.579032079489522,14912.768746146121,-15802.192048388515,2145.115209863987,0
109,11.521393705564389,-2295.31150781366,18721.30852275133,-9728.34860095583,1
129,20.693919712108357,-2132.2679920735354,-651.8405826089529,-14113.92955016963,1
104,40.19293244211039,1538.2378538767662,-1113.606656218688,6848.577257305529,1
132,28.403366890864042,432.7253871328103,-1548.0365194740589,-8312.013424417417,1
100,18.626737396924796,20809.745003194897,-13434.851775652704,5744.7896766392005,1
117,26.651901399086395,4179.1014850771935,7617.922872297582,-11842.514167887532,1
131,21.279604643627458,-12736.536959774785,11121.133926249073,-3716.5005569899968,1
110,26.967349664788973,6454.461638346409,9016.63971076674,12920.404647970146,0
120,14.772245354199466,-10391.381163814442,-10877.886746812412,170.9063081609438,1
125,14.98143961457832,-14855.307144940347,5417.086217316926,7226.580351201446,1
124,15.306270861181787,19917.45968605818,5070.925914373391,7955.943807585201,1
121,39.19459375780525,12620.938986778863,16131.199153831134,15218.936627529863,1
126,32.98696755024025,20264.032719309376,-1972.2766401010613,-3977.856606954272,1
112,15.871456839869627,1681.5025768229716,-2255.020084600934,9429.935815553148,0
132,16.650472512968044,3693.5286525121155,6885.5011725728655,19579.784860708132,1
133,32.92488424612629,-9771.532630992182,7423.688179481982,11019.003371241117,1
134,15.68491534376522,-6864.425213299333,1363.553411054243,2125.2076385565488,1
100,18.036838800044862,15026.320951404643,393.19640622557927,7336.54544620138,0
120,39.90040498461197,-2821.1310566490156,2283.4638136016583,11368.267217235,1
105,18.659195741852955,14592.154030467504,15858.67608162254,6654.203330673281,0
127,30.848970511134404,10233.507798620176,1063.1753463946698,-15382.99490087595,1
116,40.35893862201591,-9444.675764940977,18777.476302883428,-8793.380585572642,1
104,22.22890301419378,2775.515546430459,2648.1392530640624,13987.324036972244,0
130,11.525479725861867,9063.330896192521,19120.42564769298,-5911.926049438067,1
104,18.32441871267123,-7303.62305225847,14814.780369155804,11067.798423761957,0
137,35.92631574025116,14735.474889242843,-2590.041063214323,-2231.552036057148,1
102,36.9382650786511,4158.623329171911,15954.732587974791,3309.7201418438963,0
122,34.055580935713735,-9886.044133623682,-11927.658484558737,-13484.987906682063,1
136,14.39329457229719,5570.423768090292,18226.745487691536,-9294.654241160748,1
136,34.8653111508921,20989.410753768818,7370.810058066989,19416.287650211678,1
109,38.560333909805124,-10430.704808453698,-13987.542304674487,16935.107977535816,1
109,29.018286276387084,14220.00641442254,7837.498775080028,8134.179103264858,0
118,39.22626069014194,-8329.566882060355,20047.163203355973,1006.8501032722816,1
116,35.80516651135632,12948.36819002323,-13417.37577925873,9003.167837123281,0
120,31.00914550972722,11179.38315549229,4523.445261863195,6888.580696475743,1
113,28.315557101352443,-4881.892732784003,11668.390941096779,5036.433457370647,0
108,21.457210017259115,-3944.5446501153565,13979.56770788266,-13810.448341048952,0
100,15.778623357284154,13323.29150262801,-688.3837831305536,7413.696594475754,0
112,29.148617680716224,1073.4839398305667,-8445.837310775009,12450.041649133229,0
103,20.543346608543587,11040.267062336927,-14433.335685421798,20781.021221886294,1
100,36.99316002582936,-10524.586547464114,5449.8678125973165,-15590.093554010542,0
139,40.80010812075885,15544.63793035748,757.7095999015983,11016.417772495035,1
131,33.572832878467175,10302.734517245808,19103.54262053931,5156.204689631279,1
133,13.714450858611523,17556.883926888855,-13757.618414548338,59.93051499539797,1
127,19.66056786591914,-11102.22197570602,9359.627707502212,-11279.903540859277,1
130,14.273288952972493,5941.536513342115,-15076.249781557884,-863.8495005095792,1
107,30.515349433751474,6167.461646492033,-9656.93546170992,-2888.044229512994,0
138,33.955725936673545,-2921.952599769049,782.4229971448622,-4795.29410778654,1
125,38.770244926421356,963.2577090625382,830.2803837061219,11042.546062921683,1
133,24.14517039235963,-14594.682158275422,9370.920088544826,9926.84428751776,1
102,38.041269487653324,11596.821429199445,17677.882290106994,5793.743366293729,1
111,37.336734771239826,4324.931737917439,7644.189879852071,18730.598091854772,1
100,20.515871502961957,-13863.58108084057,19280.798620505826,-3055.387785308385,1
104,37.06701876621713,9187.968039537966,16619.77867548591,-6979.328304723356,0
129,22.270167556451796,1270.936857553952,5626.49243463924,8268.422584640783,1
129,19.906078236808423,-14724.933401275,14850.30218399661,-8643.879745316091,1
116,30.47223976383179,19875.485893379526,7775.3715819744575,-4344.611234213289,1
122,20.85143683655243,19117.149294309296,-13093.360255822095,-7689.7097172292615,1
114,29.906262449874326,2977.38939744631,11400.894760601866,-13441.317994415454,0
136,29.294954164960835,-12534.120433881322,-12488.387673108191,14617.453440519916,1
120,27.903167820453763,11920.985199147897,5981.0628810793605,-6581.999911898536,1
113,22.41259112698393,2201.4507039119744,9997.687616754469,1502.017623691765,0
101,27.454991649544304,-4809.443303292943,-13538.478496198357,-14397.334889590458,0
110,28.89456424956265,2182.472568556601,-7460.597804718325,9875.560251347793,0
138,27.370606654864204,3330.433380002185,17879.872593681044,-3769.2429146672403,1
137,24.332583582536046,4820.332863826552,6803.636212617166,11555.258929680767,1
133,11.440011711387914,325.27740524708133,-6887.417304010332,-741.086762688954,1
137,28.611851231034528,6412.946216145097,9555.151532476244,-8757.04256299189,1
133,16.05333155428159,17993.18429243596,6080.727538582516,2987.4780444353273,1
117,30.277279068415687,-2596.0807773521283,2558.3008969640905,-11171.331293414729,1
129,33.78032983768598,10851.509139138117,20118.9180745591,299.9489153008053,1
114,26.013359273922244,17094.74460249659,9287.789764077828,-4259.697335441999,0
126,27.27090994939215,871.2332031176666,-2108.6789422872316,17742.50461538643,1
133,39.54435678997973,407.86594613045236,13602.716986844116,-13745.637296333362,1
137,36.415020841177224,6278.328458126842,16729.58183808395,9678.644321912456,1
132,38.427095478544096,5882.0500986320585,-11366.839297877237,-9238.206858464871,1
123,35.41298864958759,13843.80566607225,-8579.53981972514,-4195.332249707126,1
114,14.267550255401943,1629.8851997968304,-7999.600662272151,-625.9796667035589,0
129,15.469755679105841,20856.54913665932,9574.836947301992,17596.558306874045,1
116,26.79871391806879,-13799.551951910611,6312.4635369714815,-7024.604155268469,0
104,18.38208976393995,-15882.789602514036,6902.687893847764,-12621.574305847202,0
128,25.300864251234774,7687.33752770608,18808.612088511538,-4208.484652350628,1
103,22.830959714550506,-4957.9082426105615,12708.726713870321,-12126.989090185267,0
109,27.4824271529136,-7105.851618119099,-11266.333793064023,-11241.930019459556,0
116,33.40627148407468,-4459.734039841624,-3142.2379502683016,5232.472125075987,0
109,32.46472721297823,-6526.2400911166915,109.5649085022178,-13746.628475318746,0
116,26.63702397456003,-14860.768162563429,-1349.4212163386183,-14855.557388438057,0
119,35.671802564511744,19946.722568451783,8764.418538989528,10433.321754408418,1
123,23.925862746141,-7832.416927247075,17000.044820492818,-2619.0574908813524,1
104,37.90142869520367,11159.101215804334,-4676.095849656844,-11361.112078346689,0
133,13.138408101654917,12216.066603684485,4419.454047583869,-6616.327478190795,1
105,39.63980090099922,18382.523726267485,13208.14861080267,7757.200772038763,1
101,30.640792442940445,-14869.67008754494,-599.9318227220738,-5805.147015788507,0
112,22.402235268116158,16265.788522539286,-9779.629249226055,2297.281629455094,0
110,16.91462379718632,3507.3686910726065,1573.1857147586852,-11497.273651113126,0
122,25.375496883307996,7404.132068735631,-13956.766732507947,5759.464591401538,1
115,16.83674969555903,7845.400253478245,18868.18779808424,-4305.125697799229,1
130,15.989948232294264,14332.51878443492,-13231.615407785997,7197.832077562511,1
110,29.520552722389226,-3663.929080112912,222.89846427139128,13910.610645248846,0
115,26.69254173745354,11122.894024819754,3605.606660275469,6630.91751742972,0
107,31.10288103832825,3557.3900597212923,20456.24179462956,-5057.340183984235,1
103,38.888176322659675,13355.578529297865,-9857.192525214152,-6537.483042712885,1
139,26.967806400171206,20650.20321249494,-11766.033811342733,-3885.4245268624236,1
103,28.427961597883932,-8575.912356060835,-15677.872558685887,-9909.04101024932,0
124,13.688790174648263,20801.999737719925,-10243.856835835813,-9296.641518549257,1
102,32.529073577258885,-12676.950291537361,-8330.899774496298,13255.57077030621,0
131,22.997156204124686,-15914.250727521887,7331.494838574414,-1764.8946692245354,1
102,40.30175715987737,-14366.008361420243,-7870.8487555181855,131.8216811116763,1
126,35.69522046786981,-3354.051024739818,-15240.729855014968,5979.830225972011,1
128,26.67443121548355,7417.534235102063,14584.878783592081,5817.179320607262,1
131,14.696679625164982,-13445.906987149563,-2472.9590628532296,-13507.055753688748,1
118,36.78247379841767,-15790.364862406012,-2913.2225965128437,14767.009094493627,1
120,34.99343286272065,18672.368052975406,-4808.275920786717,-9438.917530714241,1
104,16.53755388611099,14411.285529777397,20088.811254417575,10753.650533837746,1
117,19.858348676609303,13939.77733214415,-9705.729559556585,12588.826560742164,1
127,34.80221774443512,16723.698193573153,17234.808366269703,10451.282761378607,1
121,16.55685339642229,9901.268092567861,12741.723289175854,5422.1729225033705,1
120,38.53257467514132,-12137.047199320987,-13170.241646525415,-15459.467106971335,1
105,23.735822755890858,-1233.2930412722471,20508.976755531403,-2666.106782562685,1
100,13.611168877629758,10756.53099919129,-5959.459349056609,6379.058886415503,0
104,35.472459305128424,-5627.624950713725,-12352.431700170744,-1664.3020508660684,0
111,22.20529049115163,9434.035473040789,14684.6266626531,15948.756111774084,0
125,26.79497582461343,-15093.557414096864,10146.994746074895,-4574.315812064233,1
133,14.369130332336574,-4672.918387455051,6837.095817482328,-5139.212679029564,1
113,11.077520445349471,4317.82244225539,-10228.708043139473,-6158.085355571655,0
125,30.13955617379893,7387.323691730962,1704.3563014705906,-3687.107848450567,1
126,26.455255110011947,5350.504585090701,12880.57299482691,4623.983679624926,1
108,28.806157073694415,9816.982214716892,-4765.91428867791,10159.565888085861,0
125,34.81231551141549,-15774.716315125954,-4467.476344943467,8515.01295633505,1
121,30.398177402685803,-12265.175600831704,-15883.786476219482,13885.559339314746,1
129,16.243203284821316,16150.937334328366,-9552.994139120958,16778.81783340472,1
116,21.823175573317997,9224.699831335965,16390.008129507867,14194.924566703998,0
125,38.17673314363281,-11821.529220617582,344.62019059516206,-15299.020075148881,1
135,34.09834100755037,15156.754183747431,20416.676471674058,11228.964281423585,1
100,27.699111738101518,-7037.444940491025,-1358.8053477696758,-8289.215776121731,0
107,18.66934993427817,1695.61571522327,10461.898826868925,-11081.662419804641,0
134,20.06181505504385,-10627.72902326757,-5568.995412525022,7624.085037568013,1
114,32.95874202756904,10274.072087603145,-2539.0432777854603,-4169.501769915289,0
121,36.53522782558312,8673.61357752791,-8943.138459136899,-13886.6649552936,1
113,31.142740085918433,-8188.838566852961,-3158.6923655223854,-10907.699827260629,0
125,35.28589927305325,15945.828373709068,4247.788255563795,-15965.611575811441,1
127,33.99968405601218,-1151.6771038706502,20695.59659623223,17419.27421175417,1
122,15.491119038708732,-5176.941630382553,8575.463383656068,-15089.134597874172,1
113,23.71834438739906,-10363.805189812188,-8627.89968689238,-8250.13652814809,0
123,15.58951402485688,-6151.783536925113,-14336.426661112608,-598.2771145474289,1
101,18.057067544059542,-15185.00391471877,-11324.810191363107,-2806.860939819693,0
125,37.07778873953158,5580.527220876276,4814.542447102751,17733.8574457727,1
113,25.186758968995463,15162.537614726072,12310.932166220355,-14509.309007821941,0
106,27.060743055279826,4312.276629340748,18795.510670127638,2951.94418405091,1
102,16.35337895683316,-7886.863408816598,-15414.54263611763,9177.740113401836,0
122,20.36815358146388,-14754.240406086708,3342.1252377891833,18472.825026203245,1
117,17.907385052836098,-8058.761289424295,1422.0921802575394,6953.736328577677,1
137,17.185584935552793,-603.5071613695836,8274.035813101047,13738.943732435218,1
134,30.138823799479102,12105.622861892469,4704.4176152176515,-12902.177299722109,1
114,18.706515429371443,-9049.814456102358,9420.44857155178,-1720.2380953336888,0
124,29.960464580612555,10632.283774123385,8349.055635720044,-2163.956024274503,1
136,12.753638423256618,16076.538329019695,-11670.566180255992,16792.664008861553,1
127,15.253231805813055,796.0333800092121,13589.562803892626,-10399.266663258828,1
109,19.23620762000376,14392.983690775953,-11440.39469849598,-10380.211623544681,0
138,28.91140750687075,4522.321877298538,9845.633132738072,-3843.3484542254573,1
116,31.27523735262128,7572.360971993483,-602.6213972975511,-13984.756247427009,0
138,24.281509003385814,3472.3030325135005,3012.4771793341242,-9249.052495857868,1
121,24.37372743731687,1137.3905197996464,17422.02653190129,19712.756626192204,1
125,32.735505541958545,-7317.822654293574,16925.697879519,-157.194224914605,1
124,11.474632752967473,-4781.819799941297,14260.683309236094,7384.710711630149,1
116,21.23270073422662,-5271.105599086466,2875.4900768839616,10866.116595751566,0
112,35.56121171357698,4841.690445291144,11240.872974951824,-2422.4279407335816,0
119,29.096582306401167,-11561.713358116074,2977.191054195948,-10552.598246810872,1
124,21.116813982662613,17921.2925559864,16175.425051566766,-8356.50239979411,1
103,38.16574376989021,10664.24037547519,-1097.2941703827037,-4409.140366517417,1
109,34.178681823481476,-1146.5116562118365,19898.70774335044,7534.53155303235,1
102,18.946863417102,-10130.906652524016,18495.94205446847,-1263.6196837049865,1
117,30.358695125771508,16633.71027970053,11439.296919716064,-15747.85617769526,1
135,28.8725218456687,14479.789333743112,-5661.6122854853365,3366.0658474964584,1
121,23.035637421169483,10703.697450535634,-11128.81721464944,18095.995500574463,1
133,22.00868237614402,-5952.759245784033,15624.027653448306,14046.871607321125,1
107,21.30681424327112,-1109.4744149542494,-9883.815412895434,14532.82073660635,0
139,29.514673501869403,-12198.314659260335,15607.649192901423,13417.146651426854,1
118,24.272298094420087,-9005.537585081325,2158.3052483573374,-4021.959452414325,1
136,35.95589339754266,12971.615580719117,-957.3989991001436,12312.171848912505,1
105,31.088078484018858,10456.432597475301,17418.058816873876,-10703.029760985859,0
125,13.097948171283024,5958.973230109583,6342.4863539902835,8335.497449210281,1
133,30.205046714844983,17141.888859268394,5334.7182637995575,7738.036967344793,1
105,19.134423095005545,5580.86115908268,4674.339951102713,-15053.917433679817,0
136,28.78435974960268,1277.8159986535975,-2266.727907277338,13154.89494286447,1
132,31.40395793310354,-3406.2823866867802,13068.79483057771,17420.17988851983,1
121,17.924875674620363,18796.594712238388,-6646.457571416398,-6105.634696532017,1
120,24.70575934641106,-12939.52792359892,18739.11352152718,14058.456794887581,1
105,16.709745884572033,18442.832766249914,17077.45258673755,-12950.979041107916,1
105,12.57016627359525,14588.442417447677,-3513.2279500287677,6198.810755659444,0
103,22.35429270457607,-11192.592792179054,10990.159483771557,1968.934017368254,0
129,21.88832815537976,4904.421233984383,5209.258194634884,4199.170732433002,1
110,40.864414721127716,16062.275324716215,-3506.9758260283197,18269.592469720767,1
129,24.390570535929264,5156.939053464688,20575.30097583153,16238.66414813358,1
130,21.007086484166013,17566.393397743028,-15066.218203614224,13048.095317871012,1
123,28.414250201500238,18890.40122219357,-6652.096867012393,-5873.157065900274,1
108,13.663021823233054,-371.77267918068173,3242.7402611125653,17737.28926138539,0
102,39.8499720786444,-2039.3945279660256,3312.261128706865,-12392.215378836616,1
130,30.048801367730995,18643.882696858804,5790.5237729858745,15573.181012675148,1
139,33.64513459822543,8980.182262537717,11812.018364848012,-3858.0773229165115,1
136,16.114338145217527,-11707.160790117738,7068.679729213967,-14010.424468506615,1
135,23.284335590156118,-14435.205278760795,6210.414039537369,8766.208416907688,1
123,23.680673401885684,4891.274886898736,-14019.964872217399,-7442.642652309649,1
130,35.65419331703261,18416.325721221707,-2068.379351795962,-6987.8683430086185,1
105,11.037100392782284,15237.20198901528,-7413.937631057228,-4676.254849535455,0
101,20.02559325059765,9006.366619180448,-6181.305870726908,-13643.663602406881,0
119,40.437091230329116,-10852.713591029762,4510.486550592759,-9446.295664664602,1
127,25.246596305186557,-6593.438801298264,-8618.303347604487,-15809.833779334269,1
110,22.47578840732025,16393.915382446798,-5123.883262374791,480.15228091411336,0
103,14.594870060529392,-9236.132243694683,-7227.865784858417,-12882.551035535063,0
114,40.22493885884047,-5697.741894733921,19094.608899073202,9258.146386635362,1
105,11.600790677774734,-11204.775905768649,18952.632090330524,-7281.954505909011,1
129,33.11540675021729,9016.004562333212,6567.837668053911,18912.243329301557,1
137,34.05799414365525,18927.345298438755,18207.331343080295,16236.310213750145,1
101,18.309701481916,-6048.18283097072,13075.067882329808,-5290.686886176296,0
114,31.14675330839112,1590.0444904527285,5828.071663666924,12978.971822297113,0
110,13.787874331381698,7470.570369314559,-15761.897174618558,13720.06147259783,0
107,18.711417992962396,20980.251183978333,12583.102584937948,20502.83522223319,1
125,34.637059648767945,-12122.101595089833,9992.068638773348,6120.079513290344,1
104,36.940585761006204,2447.1195817112384,6764.385171449318,-12967.267818184499,0
105,29.25459237979374,-1750.5555636074987,12135.699532251452,7932.977470276095,0
125,26.205152954614476,16035.34611322714,2978.120096666331,7124.250689913304,1
103,15.779120618569408,1610.8060474312697,10051.081038889544,7618.971364555975,0
118,12.893270992374505,-11893.83159034952,18601.367208880256,-4635.611020144173,1
119,14.529470854206759,7473.693375603594,-2095.214413694808,15808.14464797232,1
132,17.820719002882964,12518.882875763553,10200.507891323141,19500.470769350242,1
119,21.250235056907627,-15893.39368837226,1600.4492664054742,-7944.637019808393,1
111,22.427285765329614,15781.397360563293,8952.787117117317,-12738.370148944156,0
100,21.389653057670106,-9117.148999790372,12227.053415511473,-8802.20377276609,0
125,18.171659965917968,4426.566492174981,-14318.25748387555,14360.429152461595,1
113,26.291727402550944,-615.4924745643457,7924.216426100491,9035.851488334356,0
137,35.7585832469869,10627.191214589624,-7610.57617694305,7533.751666547687,1
136,19.391106154144374,-2267.020252927552,8791.203898879972,-1133.6540009512937,1
110,39.271610573066994,16181.2375372233,1328.2168795510988,5379.6349459231205,1
135,37.200099851715436,11028.365355475238,12621.451449000826,-4608.657364848406,1
112,15.852926340563288,7965.387329328096,-11434.169837392932,1656.4029384645655,0
102,34.588278702712834,13460.90203582561,7173.927011279218,13343.332049714267,0
132,28.237621469533,11898.852292350144,-5696.583029680565,20305.9391058521,1
105,27.997260865142557,-14670.269027902526,15560.333827231887,18502.090172822667,1
109,22.73128289174523,-1394.8289077413592,18350.189708543374,18553.039885311206,1
104,26.034589975460293,18439.87000071012,20866.73686612505,-1117.7218106568416,1
122,22.91536332287633,-11348.20204728763,13452.273889809483,1345.2255787512659,1
109,27.191978562798283,11272.572365985896,11888.160605836169,10108.509665652316,0
101,29.838501583179074,20059.897019407195,-8026.471921900611,18121.10133789752,1
112,31.229114192271453,-14068.65072533605,-3567.7388173659765,-10746.212403972868,0
139,26.974435776782784,9241.173583184587,1230.2540452043431,-4743.051038393756,1
101,32.64266201986195,1321.7032281381253,12615.09876794324,-10847.866750017947,0
119,15.238341478265173,5429.484448864718,17853.73700788484,6644.315608499848,1
100,17.359474727067155,-12842.37055007998,-9001.85329914957,-4666.863115161112,0
136,35.5620501222281,-14408.74278092324,18127.596932793807,-3934.009457034783,1
108,20.675839335392453,8674.066440384104,9738.112137100146,-13376.109498944768,0
116,11.686814749283608,14462.44890336656,6598.517035346427,-3057.545713119098,0
108,15.613734490040933,12934.567392519788,-8605.872962568239,15912.370773858656,0
110,17.70843303488934,4120.811931050783,-13945.57378606143,-7376.305960039106,0
114,39.719686636837615,-12304.927617961408,5033.201244793778,9721.936249772429,1
123,28.191242867925478,9457.644421932513,8106.08028316902,7296.24876272793,1
137,38.98192221428764,-7050.1113084966,-8201.086373876537,15948.930509657268,1
134,28.254900514898747,17709.542002393195,4588.879615541886,-11105.345936911584,1
129,25.380633204135552,15015.818303191081,15690.255902215224,20170.8285327666,1
130,20.411830735822882,10247.169782233465,14897.439981835741,5557.2599034935265,1
104,29.191128333001267,19107.300365751827,18312.141681692992,20832.54363683213,1
113,15.175940738525895,-14837.392604082901,-2462.225046395424,17726.044857036482,0
110,37.94784881878118,11239.415727248193,-4232.165815616008,-7803.860931815087,0
108,35.879972154238516,-3781.0171645530027,11728.762221289922,-13922.005633577415,0
133,20.52594343630211,17524.437770395518,-48.841011410815554,-6541.353529571623,1
111,39.58392582803883,-6133.0177235068295,-12760.699430972118,3519.8550129785363,1
134,35.75602302246705,10819.690474655632,-5536.35816519151,-9650.93441858797,1
134,30.989206575051192,16472.939727078912,-512.4554353349031,-9803.989452834425,1
100,14.652857333758243,-14458.697719840751,-5176.892257378675,1115.9612428906657,0
139,25.347020691442168,-1287.0395550946632,-3708.393874949101,-14769.085066733738,1
121,26.183226645402527,12205.43418481173,-5130.291471547542,-11490.140946305994,1
128,17.976540750961405,831.9989117807236,-14464.53081422606,-613.1304419059397,1
107,13.398961830779058,-6111.652697636973,7572.503930504372,-13664.193359305242,0
110,34.30170891415078,-7867.202093541969,6099.819553078363,-1320.0629111454145,0
136,14.661051563731851,-11133.824124094017,8175.1894437111805,1538.2318400924669,1
113,28.82872251685324,15713.793714682444,-8884.533846755785,696.8647207052345,0
129,39.093475216509816,5288.149920307573,-5060.781960338045,16159.46972391423,1
134,37.283155777941275,-13173.757035316128,6925.789296962124,3612.310836914101,1
120,19.332578712477833,-1844.5280278864884,6186.220033017093,1315.2771116876029,1
136,36.54345912653796,-2393.8549202109334,2734.2214461079093,-803.7579205083512,1
104,11.009975183614682,-9275.64994374987,-3034.709749622696,14252.064997265988,0
118,11.530634288397717,113.78214247105461,17778.447176663525,17117.09434799383,1
113,29.07659491528595,-3712.3234804539516,-3428.5010349427794,15569.971360293348,0
125,21.943946574335882,-3353.262896789247,857.9087881783089,8921.223390861462,1
103,22.593825234774414,11343.98263815447,9090.211745305722,-10917.615399159055,0
124,27.933232720366476,-7739.254736307737,4091.7929420702712,-5755.811128795547,1
124,16.753473667755816,7748.81847764815,-3165.2188745177336,-14295.666643766835,1
117,17.352660519964353,5114.03608359459,118.85724689086419,18440.49077463422,1
139,25.53804761056594,5019.42295650109,13395.790260579724,8449.545598563684,1
107,33.62760633031589,8531.27180724571,-5709.221246995339,11615.426719589934,0
138,29.58493254222763,4290.1353392391975,-10736.55612825783,-4471.845635457528,1
139,19.920651447105165,16532.43924931623,-4412.961532298248,15289.180324261666,1
113,23.910115325267636,8996.463402159614,15432.765973052348,-6394.678502786295,0
131,16.119942756499952,4237.640300741361,-12707.380550315174,-15939.180986839361,1
137,13.238894430112452,14701.23545064286,20692.75471478072,-2072.6463867343246,1
132,34.48088122232448,6427.42290253875,4017.1072603235116,5118.1747954857165,1
122,18.961622275645837,-5227.662831948377,20439.292526782476,1712.079744724335,1
114,16.332991635537446,-8337.488027466865,18742.867617181168,15896.817275334091,1
132,31.74854166707958,-10363.871930480884,754.1074258039189,-12100.004419621822,1
124,29.54155022861558,17279.842864205762,-8655.830239602084,4491.467303447847,1
116,29.99568878040392,10275.010976528436,-9899.263267089878,2980.2359433735764,0
132,17.866838145398408,18683.002212079868,-7120.393536811573,-5588.459659629969,1
101,17.97936615688043,6321.796811452892,10274.907700887881,14422.440165349391,0
113,17.624078893569173,1515.8326153117632,-5900.85019493495,11855.400267641631,0
139,16.212577869868834,-13790.489908077096,-3367.265024640963,11115.789931277744,1
139,30.67171017684969,8850.764417203103,604.8157478007488,16419.121695973572,1
138,36.44047655748204,5541.724111424552,17789.609175593883,10743.030222996284,1
105,32.72952409029983,20637.729062741993,-8992.443538260693,-7421.872206555121,1
105,34.76280901281629,-7151.125222057008,-15814.017553437285,10105.820331038569,0
102,23.143952872555992,3637.2821456129277,-13776.432816007704,-4614.995904575779,0
106,30.622273861159943,8085.421399368686,17476.354642164362,-7039.53793714359,0
107,21.627087213343238,7849.873465466713,7958.109199204435,-13298.867062713789,0
114,26.7651386590592,4767.8610890909,-5897.497084871149,11529.057472864039,0
128,25.449045396045868,12746.336382107344,-9443.87746258593,10307.035592143016,1
132,16.30661435431563,-8415.695247507792,-5112.1307444267695,-7323.519326058531,1
129,22.612362810068923,10848.206410153387,-11752.513691702636,11727.02361879377,1
138,39.914668264470535,6930.179143024299,18836.71768052432,17960.11267446146,1
126,18.457407731448264,17154.779136399215,13015.628451514873,-12002.928572811568,1
135,15.01411208838466,15346.194244242524,1108.4735457640054,-7392.4443796893265,1
128,23.55741864871806,-4339.5595520955285,16003.616389262472,11759.649381230673,1
137,34.71013207580444,-5779.218975919337,-6770.046441150405,-5843.253080238104,1
132,28.464446893399167,20321.17298254057,10533.461033471161,7112.56704849752,1
136,31.429244817147335,3508.8116938644926,15676.902463508508,-12996.923694842562,1
126,16.690845445240313,17537.575664834163,-2799.557669938913,731.4917268309327,1
132,29.568445790231646,-9936.402120122159,12026.184481676555,11346.382613739264,1
103,20.705011847344213,7784.2998476064495,-5082.323077220553,9401.015892600342,0
121,36.02910097864303,13964.82693234169,-4942.285995415861,14157.667725004852,1
101,29.878964180322086,19053.62423469853,-12038.884393495115,16465.728684317248,1
109,16.96568833325888,-3518.4147823701314,282.1477208477536,12607.789546574055,0
104,12.938500395322585,10824.303287189941,10999.340540404624,8848.74648874026,0
109,12.278996278610983,3936.0813344659036,18788.169806137543,-14826.267802806848,1
132,22.142257029504222,-13756.729735540677,6340.488701376555,3793.7669161494305,1
137,18.975534099629407,9529.990280430906,15936.014896222343,-14605.184178150446,1
112,30.38270370387524,9533.572654800206,14432.3020237384,13898.509233292836,0
130,25.98001504935855,18432.45177932187,-9586.307039914609,-4133.192594981569,1
135,18.980578340161422,2400.5605082519796,1975.2448697673644,4809.886842363074,1
123,15.477133338505283,-7480.715933710957,-11673.829185560517,-5660.523629200603,1
114,14.815992880623487,-14351.13853239887,9239.666977780493,12952.505342070861,0
128,36.93981176421253,-621.2390926214903,19146.287725104812,16800.593485750396,1
107,18.304339052146016,-4829.082097132432,-10927.69005108601,-1250.2277141166323,0
104,30.55131943732905,12160.267322883396,11153.675839694028,15928.128559906592,0
128,35.32057783958798,-2892.092700881276,7392.811582110855,-6118.224724115702,1
103,29.422439335542084,19115.634263649226,5593.386369299689,3782.4541537943805,1
111,36.78695694940838,19605.477510548015,-1565.5513165314478,15774.172904032046,1
101,22.771811645854235,6973.617838055197,-2860.129033108935,-3942.3903232157554,0
126,39.68666571946845,18360.430619550665,-14325.78000630115,19299.56380788917,1
130,14.994350125342908,12151.610747036339,-7937.377794675502,-11490.458434088807,1
135,14.064485889726143,4233.806716079667,-15438.455355387405,-15323.82242023027,1
135,30.760764386223308,-9328.60638935721,5512.432906534759,17453.008045393057,1
125,39.28493424239785,968.1239100120802,-12083.430272517373,-13459.999352528728,1
126,35.266503849089844,4752.3551444168515,16301.717579099495,20699.900250057195,1
104,13.292505783141543,15966.578487195377,3356.2917657951148,19201.683893226924,1
119,19.38103141804149,1809.3349318196015,9888.526635172213,-10930.226328656136,1
110,38.90956654513471,17213.962889084396,-798.2876019016312,3890.6311506249367,1
109,18.591752984023536,8950.912223868349,4741.4529330387995,-9157.94899371566,0
139,34.43511271360758,-10931.034667014159,18878.389547765328,-158.2585978855659,1
137,35.75396587786111,20814.31066502844,-12938.840533924182,-13727.27021738619,1
105,25.863563103829453,3507.608447894767,-6604.3024388232425,-7714.790251526187,0
107,22.590467295449464,-1501.2430328640821,12859.568095690141,-2558.906533240717,0
122,24.50373297259279,8387.209285372483,-12346.723345341365,229.95750910402785,1
125,17.808940830960925,-11970.947382701554,-13200.539155547898,20167.361553729046,1
111,37.68172748386533,7551.92992987411,-2622.9682461005723,13891.028890307305,0
125,24.518589701892736,2434.7320184730997,-12589.785536520005,11284.167939542007,1
112,37.47378321368299,-953.0594100524249,5647.902361629513,3870.528645453047,0
139,14.170804397188222,19261.740783619272,-7627.815719785807,15079.917142360704,1
117,40.64825813000394,3333.969519085971,17140.824638376776,-3445.05508073869,1
124,24.298192623308548,-7892.653259612278,12989.502991274498,10229.267172612694,1
132,12.434924611823163,981.6487369600509,9889.09262568062,20770.007088992366,1
139,12.140655447123647,18017.33396918889,6826.9290132265705,-4358.730369397645,1
111,33.38621772445516,-9484.467560767996,15948.232022634144,8938.64879070679,0
135,30.77106602611042,-8083.589568535234,-7746.703722917995,15239.649973638152,1
103,35.063916743827626,-15517.9059929879,16305.027182276423,17884.880583974875,0
104,14.16102601858418,-15474.968172356614,13211.215041689935,10563.509564783766,0
136,12.06712601106645,14687.490197464966,11681.950576344367,-5506.506833565958,1
107,26.257378683427355,11088.536453189365,4766.46008877219,-3927.5603919489804,0
127,22.627856944483085,-2863.480911277544,-6888.966044087796,-15231.952811413325,1
130,24.85840810012867,9837.512817420193,-328.7271082998359,12152.781173845859,1
108,40.74765226610822,-1377.3807265311025,13362.114217935658,-14418.6345757078,1
128,40.12249873012011,19257.18145191962,-14824.196078778996,15992.137120301591,1
